<?xml version="1.0" encoding="utf-8"?>
<extension version="2.5" type="plugin" group="system" method="upgrade">
	<name>Simple Google Analytics</name>
	<author>Daniele De Santis</author>
	<creationDate>May 2015</creationDate>
	<copyright>Copyright (C) 2015 Daniele De Santis. All rights reserved.</copyright>
	<license>GNU/GPLv3 http://www.gnu.org/licenses/gpl-3.0.html</license>
	<authorEmail>hello@danieledesantis.net</authorEmail>
	<authorUrl>www.danieledesantis.net</authorUrl>
	<version>1.0</version>
	<description>PLG_SIMPLEGOOGLEANALYTICS_DESC</description>
	
	<files>
		<folder>language</folder>
		<filename plugin="simplegoogleanalytics">simplegoogleanalytics.php</filename>
		<filename>index.html</filename>
	</files>
	
	<languages folder="language">
		<language tag="en-GB">en-GB/en-GB.plg_system_simplegoogleanalytics.ini</language>
		<language tag="en-GB">en-GB/en-GB.plg_system_simplegoogleanalytics.sys.ini</language> 
	</languages>
	
	<config>
		<fields name="params"> 
			<fieldset name="basic"> 
				<field
					name="sga_analytics"
					type="text"
					description="PLG_SIMPLEGOOGLEANALYTICS_ID_DESC"
					label="PLG_SIMPLEGOOGLEANALYTICS_ID_LABEL"
				/>
				
				<field name="sga_anonymous" type="radio"
        	description="PLG_SIMPLEGOOGLEANALYTICS_ANONYMIZE_DESC"
        	label="PLG_SIMPLEGOOGLEANALYTICS_ANONYMIZE_LABEL"
        	default="no">
         	<option value="no">PLG_SIMPLEGOOGLEANALYTICS_ANONYMIZE_NO</option>
         	<option value="yes">PLG_SIMPLEGOOGLEANALYTICS_ANONYMIZE_YES</option>
         </field>
			</fieldset>
		</fields>
	</config>	
</extension>